{
  "user": "financera",
  "data": [
    {
      "id": "1",
      "ticker": "TCKR",
      "fund": {
        "fundname": "Victory Mutual Fund INCORE Example",
        "class": "Class A"        
      },
      "assetclass": "Mixed Asset Class",
      "ytd": {
        "nav": "NAV",
        "ytdvalue": "17.70",
        "load": "Load",
        "loadvalue": "14.25"
      },
      "performance": {
        "monthly": {
          "yearone": {
            "nav": "-1.23",
            "load": "-1.14"
          },
          "yearthree": {
            "nav": "5.12",
            "load": "-1.14"
          },
          "yearfive": {
            "nav": "4.60",
            "load": "-1.14"
          },
          "yearten": {
            "nav": "2.17",
            "load": "-2.14"
          },
          "since_inception": {
            "nav":4.670000000000,
            "load":6.430000000000
          }
        },
        "quarterly": {
          "yearone": {
            "nav": "-4.23",
            "load": "-1.14"
          },
          "yearthree": {
            "nav": "5.12",
            "load": "-1.14"
          },
          "yearfive": {
            "nav": "4.56",
            "load": "-1.14"
          },
          "yearten": {
            "nav": "1.57",
            "load": "-2.14"
          },
          "since_inception": {
            "nav":8.670000000000,
            "load":3.430000000000
          }
        }
      }, 
      "inceptdate": "12/12/2020",
      "gross": "0.93%",
      "net": "0.91%",
      "risk": "1",
      "filter": {
        "volatility": "aggressive",
        "fundtype": "stock",
        "investment": "500"
      },
      "rating": {
        "overall":{
          "value": "1",
          "total": "1230"
        },
        "yearthree":{
            "value":"2",
            "total": "982"
        },
        "yearfive":{
          "value":"3",
          "total": "1032"
        },
        "yearten": {
          "value":"5",
          "total": "1032"
        },
        "category": "short government",
        "sheet": "Download"
      }
  },
    {
      "id": "2",
      "ticker": "IPFIX",      
      "fund": {
        "fundname": "Victory INCORE Fund for Income",
        "class": "Class A"
      },
      "assetclass": "US Equity",
      "ytd": {
        "nav": "NAV",
        "ytdvalue": "17.70",
        "load": "Load",
        "loadvalue": "14.25"
      },
      "performance": {
        "monthly": {
          "yearone": {
            "nav": "-3.23",
            "load": "-5.14"
          },
          "yearthree": {
            "nav": "5.78",
            "load": "-3.14"
          },
          "yearfive": {
            "nav": "6.80",
            "load": "-3.14"
          },
          "yearten": {
            "nav": "5.17",
            "load": "-7.14"
          },
          "since_inception": {
            "nav":5.670000000000,
            "load":9.430000000000
          }
        },
        "quarterly": {
          "yearone": {
            "nav": "-5.26",
            "load": "-3.14"
          },
          "yearthree": {
            "nav": "4.12",
            "load": "-1.14"
          },
          "yearfive": {
            "nav": "1.50",
            "load": "-1.14"
          },
          "yearten": {
            "nav": "4.15",
            "load": "-8.14"
          },
          "since_inception": {
            "nav":1.670000000000,
            "load":2.430000000000
          }
        }
      },     
      "inceptdate": "12/12/2020",
      "gross": "0.93%",
      "net": "0.91%",
      "risk": "2",
      "filter": {
        "volatility": "moderate",
        "fundtype": "index",
        "investment": "1000"
      },
      "rating": {
        "overall":{
          "value": "2",
          "total": "1130"
        },
        "yearthree":{
          "value":"4",
          "total": "582"
        },
        "yearfive":{
          "value":"3",
          "total": "732"
        },
        "yearten": {
          "value":"5",
          "total": "532"
        },  
        "category": "small growth",
        "sheet": "Download"
      }
    },
    {
      "id": "3",
      "ticker": "IPFIX",
      "fund": {
        "fundname": "Victory Mutual Fund INCORE Example",
        "class": "Class B"
      },
      "assetclass": "US Equity",
      "ytd": {
        "nav": "NAV",
        "ytdvalue": "17.70",
        "load": "Load",
        "loadvalue": "14.25"
      },
      "performance": {
        "monthly": {
          "yearone": {
            "nav": "-2.43",
            "load": "-1.14"
          },
          "yearthree": {
            "nav": "6.82",
            "load": "-1.14"
          },
          "yearfive": {
            "nav": "4.50",
            "load": "-3.14"
          },
          "yearten": {
            "nav": "1.17",
            "load": "-2.74"
          },
          "since_inception": {
            "nav":4.670000000000,
            "load":6.430000000000
          }
        },
        "quarterly": {
          "yearone": {
            "nav": "-4.23",
            "load": "-1.54"
          },
          "yearthree": {
            "nav": "8.12",
            "load": "-1.10"
          },
          "yearfive": {
            "nav": "1.60",
            "load": "-1.14"
          },
          "yearten": {
            "nav": "5.17",
            "load": "-2.14"
          },
          "since_inception": {
            "nav":8.670000000000,
            "load":3.430000000000
          }
        }
      }, 
      "inceptdate": "12/12/2020",
      "gross": "0.93%",
      "net": "0.91%",
      "risk": "3",
      "filter": {
        "volatility": "aggressive",
        "fundtype": "stock",
        "investment": "500"
      },
      "rating": {
        "overall":{
          "value": "3",
          "total": "1024"
        },
        "yearthree":{
          "value":"4",
          "total": "982"
        },
        "yearfive":{
          "value":"2",
          "total": "1032"
        },
        "yearten": {
          "value":"3",
          "total": "932"
        },
        "category": "short government",
        "sheet": "Download"
      }
    },
    {
      "id": "4",
      "ticker": "IPFIX",
      "fund": {
        "fundname": "Victory Mutual Fund INCORE Example",
        "class": "Class A"
      },
      "assetclass": "US Equity",
      "ytd": {
        "nav": "NAV",
        "ytdvalue": "17.70",
        "load": "Load",
        "loadvalue": "14.25"
      },
      "performance": {
        "monthly": {
          "yearone": {
            "nav": "-4.63",
            "load": "-5.14"
          },
          "yearthree": {
            "nav": "8.92",
            "load": "-1.44"
          },
          "yearfive": {
            "nav": "1.65",
            "load": "-6.14"
          },
          "yearten": {
            "nav": "6.18",
            "load": "-8.14"
          },
          "since_inception": {
            "nav":4.670000000000,
            "load":5.430000000000
          }
        },
        "quarterly": {
          "yearone": {
            "nav": "-6.23",
            "load": "-1.14"
          },
          "yearthree": {
            "nav": "1.12",
            "load": "-8.14"
          },
          "yearfive": {
            "nav": "9.60",
            "load": "-1.14"
          },
          "yearten": {
            "nav": "1.17",
            "load": "-5.14"
          },
          "since_inception": {
            "nav":8.670000000000,
            "load":4.430000000000
          }
        }
      }, 
      "inceptdate": "12/12/2020",
      "gross": "0.93%",
      "net": "0.91%",
      "risk": "4",
      "filter": {
        "volatility": "moderate",
        "fundtype": "index",
        "investment": "1000"
      },
      "rating": {
        "overall":{
          "value": "4",
          "total": "990"
        },
        "yearthree":{
          "value":"2",
          "total": "1082"
        },
        "yearfive":{
          "value":"4",
          "total": "892"
        },
        "yearten": {
          "value":"2",
          "total": "532"
        },
        "category": "short government",
        "sheet": "Download"
      }
    },
    {
      "id": "5",
      "ticker": "IPFIX",
      "fund": {
        "fundname": "Victory INCORE Fund for Income",
        "class": "Class A"
      },
      "assetclass": "US Equity",
      "ytd": {
        "nav": "NAV",
        "ytdvalue": "17.70",
        "load": "Load",
        "loadvalue": "14.25"
      },
      "performance": {
        "monthly": {
          "yearone": {
            "nav": "-4.23",
            "load": "-1.74"
          },
          "yearthree": {
            "nav": "3.12",
            "load": "-6.14"
          },
          "yearfive": {
            "nav": "2.60",
            "load": "-1.54"
          },
          "yearten": {
            "nav": "3.17",
            "load": "-2.64"
          },
          "since_inception": {
            "nav":3.670000000000,
            "load":5.430000000000
          }
        },
        "quarterly": {
          "yearone": {
            "nav": "-5.23",
            "load": "-1.74"
          },
          "yearthree": {
            "nav": "2.12",
            "load": "-5.14"
          },
          "yearfive": {
            "nav": "2.60",
            "load": "-1.14"
          },
          "yearten": {
            "nav": "6.17",
            "load": "-2.14"
          },
          "since_inception": {
            "nav":9.670000000000,
            "load":5.430000000000
          }
        }
      }, 
      "inceptdate": "12/12/2020",
      "gross": "0.93%",
      "net": "0.91%",
      "risk": "5",
      "filter": {
        "volatility": "conservative",
        "fundtype": "stock",
        "investment": "500"
      },
      "rating": {
        "overall":{
          "value": "5",
          "total": "860"
        },
        "yearthree":{
          "value":"4",
          "total": "282"
        },
        "yearfive":{
          "value":"5",
          "total": "1032"
        },
        "yearten": {
          "value":"3",
          "total": "832"
        },
        "category": "small growth",
        "sheet": "Download"
      }
    }
  ]
}